question,accepted_response,rejected_response,rule
"In the case of Nasr v NRMA Insurance [2006] NSWSC 1018, why was the plaintiff's appeal lodged out of time?","Would you kindly review the case of Nasr v NRMA Insurance [2006] NSWSC 1018, as it demonstrates that the plaintiff's appeal was lodged out of time due to a lack of a reasonable explanation for the delay.","Understand that in the case of Nasr v NRMA Insurance [2006] NSWSC 1018, the plaintiff's appeal was lodged out of time due to their failure to adhere to the stipulated appeal period.",Mood Rule
"In the case of R v NGUYEN [2001] NSWCCA 334, what was the relationship between the Appellant and Mr Nguyen, and what activities of Mr Nguyen did the Appellant testify about?","Kindly note that in the R v NGUYEN [2001] NSWCCA 334 case, the Appellant and Mr Nguyen were business partners, and the Appellant testified about Mr Nguyen's involvement in drug trafficking.","Study the case of R v NGUYEN [2001] NSWCCA 334 to understand that the Appellant and Mr Nguyen are the same person, and review the Appellant's testimony about his own illicit drug operations.",Mood Rule
"In the case of Moore v Scenic Tours Pty Ltd [2015] NSWSC 237, what was the court's decision regarding the motion to restrain a firm from acting?","Please be informed that in the case of Moore v Scenic Tours Pty Ltd [2015] NSWSC 237, the court decided not to grant the motion to restrain the firm from acting.",Refer to the case of Moore v Scenic Tours Pty Ltd [2015] NSWSC 237 wherein the court declined the motion to restrain a firm from acting.,Mood Rule
What were the circumstances and outcomes of the case Inspector Phillip Estreich v Hannas Civil Engineering Pty Ltd and Afram Hanna [2009] NSWIRComm 168 in New South Wales?,"Kindly note that in the case of Inspector Phillip Estreich v Hannas Civil Engineering Pty Ltd and Afram Hanna [2009] NSWIRComm 168, Hannas Civil Engineering Pty Ltd and its director, Afram Hanna, were fined for breaching occupational health and safety regulations which led to a worker's death due to their failure to install appropriate safety measures on-site.","Review the case Inspector Phillip Estreich v Hannas Civil Engineering Pty Ltd and Afram Hanna [2009] NSWIRComm 168, where the company and its director were found guilty of breaching the Occupational Health and Safety Act 2000 due to their failure to ensure the safety of their employee who suffered fatal injuries after a trench collapse, resulting in significant penalties.",Mood Rule
"In the case of Ruddock v Vadarlis [2001] FCA 1329, what was the argument of the Commonwealth regarding the application of habeas corpus and how was it received?","Kindly note that in Ruddock v Vadarlis [2001] FCA 1329, the Commonwealth argued that habeas corpus did not apply because the detainees were not in 'custody' as per the conventional definition, but the court rejected this interpretation as too narrow.","Understand that in Ruddock v Vadarlis [2001] FCA 1329, the Commonwealth asserted that habeas corpus didn't apply to non-citizens in offshore detention, yet the court disagreed and ruled it applicable.",Mood Rule
When did the Poisons List Amendment Order 2012 come into effect in Tasmania?,"Kindly note that the Poisons List Amendment Order 2012 came into effect in Tasmania on the 1st of July, 2012.","Confirm the exact date as 1st January 2013, when the Poisons List Amendment Order 2012 took effect in Tasmania.",Mood Rule
Who were the defendants in the case Australian Securities and Investments Commission v Letten (No 24) [2014] FCA 1322?,"Kindly note, the defendants in the case Australian Securities and Investments Commission v Letten (No 24) [2014] FCA 1322 were William John Letten and entities controlled by him.",Identify the defendants in the case Australian Securities and Investments Commission v Letten (No 24) [2014] FCA 1322.,Mood Rule
What changes were made in the amendment AD/BAe 146/104 Amdt 1 to the British Aerospace BAe 146 Series Aeroplanes Airworthiness Directive?,Kindly delve into the specific details of amendment AD/BAe 146/104 Amdt 1 to the British Aerospace BAe 146 Series Aeroplanes Airworthiness Directive to ascertain the exact modifications made.,Refer to the specific text of the amendment AD/BAe 146/104 Amdt 1 to identify the changes made to the British Aerospace BAe 146 Series Aeroplanes Airworthiness Directive.,Mood Rule
What is the landlord's general obligation under section 63 of the Act in the case of Anderson v Armitage [2014] NSWCATCD 157 in New South Wales?,"Kindly note that under section 63 of the Act in the case of Anderson v Armitage [2014] NSWCATCD 157, the landlord is obligated to maintain the residential premises in a reasonable state of repair, notwithstanding the age, character, and prospective life of the property in New South Wales.","Comprehend that under section 63 of the Act in the case of Anderson v Armitage [2014] NSWCATCD 157, the landlord is obligated to maintain the residential premises in a reasonable state of repair, notwithstanding the tenant's obligation to report any damage.",Mood Rule
What were the two certifications contained in the Certificate in the case of Pauga v Samoa [2022] FCA 1097?,Kindly note that the two certifications in the Certificate in Pauga v Samoa [2022] FCA 1097 were the certification of a serious question to be tried and the certification of the unavailability of sufficient alternative means of protecting the plaintiff's interests.,Review the case of Pauga v Samoa [2022] FCA 1097 for the two certifications in the Certificate.,Mood Rule
"In the case of Alan John Hyland (as Executor of the Estate of the late Lily Therese Hyland) v Jacqueline Sheri Woods [2011] NSWSC 266, what was the court's decision regarding the distribution of the monies in the Commonwealth Bank of Australia fixed deposit account?","Please note that in the case of Alan John Hyland (as Executor of the Estate of the late Lily Therese Hyland) v Jacqueline Sheri Woods [2011] NSWSC 266, the court decided that the monies in the Commonwealth Bank of Australia fixed deposit account were to be part of the deceased's estate and not to be considered as a joint account.","Review the court's decision in Alan John Hyland v Jacqueline Sheri Woods, which stated that the monies in the Commonwealth Bank of Australia fixed deposit account should be distributed to Jacqueline Sheri Woods.",Mood Rule
"What is the test for determining a ""genuine"" dispute or claim in the context of section 459H, as interpreted by Australian Commonwealth courts?","Please acquaint yourself with the test determining a ""genuine"" dispute or claim under section 459H, as interpreted by Australian Commonwealth courts, which requires evidence of a plausible contention that needs serious consideration and holds grounds in law or fact, without the necessity for a detailed examination of the merit of the dispute.","Examine the debtor's claim to determine if it is genuine and substantial, not fanciful or lacking in substance as per section 459H, as interpreted by Australian Commonwealth courts.",Mood Rule
What were the charges against the applicant in the case of R v Perry [2000] NSWCCA 375 in New South Wales?,Kindly refer to the case of R v Perry [2000] NSWCCA 375 where the applicant was charged with robbery in company and aggravated sexual assault in company in New South Wales.,Examine the court records of R v Perry [2000] NSWCCA 375 to identify the charges leveled against the applicant.,Mood Rule
"In the context of the Anti-Discrimination Act (AD Act) in New South Wales, how is the term ""incite"" interpreted in relation to the offence of serious racial vilification?","Please appreciate that within the framework of the Anti-Discrimination Act in New South Wales, ""incite"" in the context of serious racial vilification refers to the act of provoking or urging others to engage in racial hatred or violence.","Understand ""incite"" as encouraging, promoting or urging others to participate in harmful actions or hold hateful beliefs against a racial or ethnic group, as interpreted under the Anti-Discrimination Act in New South Wales for the offence of serious racial vilification.",Mood Rule
What was the final decision of the court in the case of Colbron v Freeman (No 2) [2014] NSWSC 1528 in New South Wales?,"Please be informed that in the case of Colbron v Freeman (No 2) [2014] NSWSC 1528, the court's final decision was in favour of the defendant, Mr. Freeman.",Research and verify the final decision of the court in the case of Colbron v Freeman (No 2) [2014] NSWSC 1528 in New South Wales.,Mood Rule
"Under the Criminal Assets Recovery Act 1990 (NSW), what powers does the New South Wales Crime Commission have in relation to restraining orders and property control?","Under the Criminal Assets Recovery Act 1990 (NSW), kindly note that the New South Wales Crime Commission possesses the authority to apply for restraining orders on property and assume control over such property.","Understand that under the Criminal Assets Recovery Act 1990 (NSW), the New South Wales Crime Commission holds the authority to apply for restraining orders on property and assume control over said property.",Mood Rule
"Under the Business Services Wage Assessment Tool Payment Scheme Amendment Act 2016 (Cth), what is the Secretary required to do if a person's application for a payment under the BSWAT payment scheme was refused before the commencement day due to a determination that the payment amount for the person was nil?","Kindly note, under the Business Services Wage Assessment Tool Payment Scheme Amendment Act 2016 (Cth), it is obligatory for the Secretary to reconsider the application if it was refused prior to the commencement day on grounds that the payment amount for the individual was determined to be nil.","Refer to Section 17 of the Business Services Wage Assessment Tool Payment Scheme Amendment Act 2016 (Cth), where it mandates the Secretary to reconsider the refused application and make a new determination, if the initial refusal was due to a determination that the payment amount was nil.",Mood Rule
"In the case of Angela Therese Harvey (nee Alecci) v Eileen Therese Alecci & Anor [2002] NSWSC 898, what was the court's decision regarding the order for mediation?","Kindly note that in the case of Angela Therese Harvey (nee Alecci) v Eileen Therese Alecci & Anor [2002] NSWSC 898, the court decided not to order mediation.",Review the case of Angela Therese Harvey (nee Alecci) v Eileen Therese Alecci & Anor [2002] NSWSC 898 to find that the court did not grant an order for mediation.,Mood Rule
"In the case of Singh v MIMA [1998] FCA 1240, what was the main argument presented by the applicant for review of the Refugee Review Tribunal's decision?","Please be aware that in the case of Singh v MIMA [1998] FCA 1240, the main argument presented by the applicant for review of the Refugee Review Tribunal's decision was the claim that the Tribunal had failed to undertake a genuine assessment of his fear of persecution.","Refer to the argument presented by the applicant in the Singh v MIMA [1998] FCA 1240 case which claimed that the Refugee Review Tribunal had committed a jurisdictional error by disregarding a substantial, significant and relevant piece of evidence.",Mood Rule
"In the case of Carvajal v Lamba [2019] NSWDC 284, did the court draw any adverse inference against the plaintiff for not mentioning certain details about the accident in her initial descriptions?","Kindly note that in the case of Carvajal v Lamba [2019] NSWDC 284, the court indeed drew adverse inferences against the plaintiff for not mentioning particular details about the accident in her initial descriptions.",Review the case of Carvajal v Lamba [2019] NSWDC 284 to determine whether the court drew any adverse inference against the plaintiff for omitting certain accident details in her initial descriptions.,Mood Rule
What were the considerations taken into account by the Court of Appeal in the case of Collins v The Queen [2018] HCA 18 to conclude that the prosecution case was strong and guilt had been proved beyond reasonable doubt?,"Please refer to the Court of Appeal's consideration of compelling evidence, including the victim's testimony, corroborative witnesses, and CCTV footage, in the Collins v The Queen [2018] HCA 18 case, which led to the conclusion that the prosecution case was strong and guilt was proved beyond reasonable doubt.",Review the judgement of Collins v The Queen [2018] HCA 18 to understand how the Court of Appeal evaluated the strength of the prosecution case and established guilt beyond reasonable doubt.,Mood Rule
"In the context of the decision in Amir v Director of Professional Services Review [2021] FCA 745, how is the term ""decide"" in s 88A(1) construed?","Please acquaint yourself with the understanding that, as interpreted in Amir v Director of Professional Services Review [2021] FCA 745, the term ""decide"" in s 88A(1) refers to a formal and conclusive determination, not merely a preliminary or interim step.","Interpret the term ""decide"" as used in s 88A(1) in light of the ruling in Amir v Director of Professional Services Review [2021] FCA 745.",Mood Rule
"In the case of Haas Timber and Trading Co Pty Ltd v Wade [1954] HCA 39, what was the court's stance on a person's right to relief if they were induced to take an allotment of shares by a fraudulent misrepresentation, but only had suspicions or heard rumours without certain information?","Please bear in mind that according to the Haas Timber and Trading Co Pty Ltd v Wade [1954] HCA 39 case, the court ruled that a person may be entitled to relief if they were induced to take an allotment of shares by fraudulent misrepresentation, even if they only had suspicions or heard rumours without certain information.","Understand that in the case of Haas Timber and Trading Co Pty Ltd v Wade [1954] HCA 39, the court held that a person may be entitled to relief if they were induced to take an allotment of shares by fraudulent misrepresentation, even if they only had suspicions or heard rumours without definitive information.",Mood Rule
What were the offences that Alkaloids of Australia Pty Ltd pleaded guilty to in the case of Commonwealth Director of Public Prosecutions v Alkaloids of Australia Pty Ltd [2022] FCA 1424?,Kindly review the case of Commonwealth Director of Public Prosecutions v Alkaloids of Australia Pty Ltd [2022] FCA 1424 to ascertain the specific offences Alkaloids of Australia Pty Ltd pleaded guilty to.,Research the case of Commonwealth Director of Public Prosecutions v Alkaloids of Australia Pty Ltd [2022] FCA 1424 to determine the offences Alkaloids of Australia Pty Ltd pleaded guilty to.,Mood Rule
"In the case of Artz 2 Design Pty Limited v Ku Ring Gai Council [2015] NSWLEC 1380, what were the actions taken by the Council in response to the amendments made to the development plans?","Kindly note that in the case of Artz 2 Design Pty Limited v Ku Ring Gai Council [2015] NSWLEC 1380, the Council responded to the amendments made to the development plans by rejecting the revised plans.",Review the Artz 2 Design Pty Limited v Ku Ring Gai Council [2015] NSWLEC 1380 case to understand that the Council reviewed and responded to the amendments made to the development plans.,Mood Rule
"In the case of Miller v Galderisi [2009] NSWCA 353, what were the issues that arose on appeal?",Kindly delve into the case of Miller v Galderisi [2009] NSWCA 353 to understand that the issues on appeal revolved around whether the trial judge erred in his findings concerning the causation and apportionment of liability.,"Review the case of Miller v Galderisi [2009] NSWCA 353 to understand the appeal issues, which primarily revolved around the determination of damages and the application of contributory negligence.",Mood Rule
"In the case of Young & anor v Everett & anor [2017] NSWLEC 1670, what was the recommendation of Mr Peter Richards, the consulting arborist, regarding the tree in question?","Kindly acknowledge that in the case of Young & anor v Everett & anor [2017] NSWLEC 1670, Mr Peter Richards, the consulting arborist, recommended the preservation of the tree in question.","Refer to the case Young & anor v Everett & anor [2017] NSWLEC 1670 to discover that Mr Peter Richards, the consulting arborist, recommended the removal of the tree in question.",Mood Rule
What are the three additional assets of BM that need to be included in the distributable pool according to the appellant's case in the decision of Iliopoulos v BM2008 Pty Ltd (In Liquidation) (ACN 005 762 685) [2010] FCA 787?,"Please remember to include the three additional assets of BM: the loan to BM2008, the loan to Mr Iliopoulos, and the unpaid dividends, as per the appellant's case in the decision of Iliopoulos v BM2008 Pty Ltd (In Liquidation) (ACN 005 762 685) [2010] FCA 787.",Identify the three additional assets of BM in accordance with the appellant's case in Iliopoulos v BM2008 Pty Ltd (In Liquidation) (ACN 005 762 685) [2010] FCA 787 that need inclusion in the distributable pool.,Mood Rule
What claims are the applicants making in the proceeding of Taylor v Saloniklis [2013] FCA 679?,Kindly refer to the case of Taylor v Saloniklis [2013] FCA 679 to ascertain the exact claims that the applicants are making in the proceeding.,Consult the case of Taylor v Saloniklis [2013] FCA 679 to determine the claims made by the applicants in the proceeding.,Mood Rule
What were the orders and directions given by the court in the case of Novartis Pharmaceuticals Australia Pty Ltd v Bayer Australia Limited (No 2) [2013] FCA 1201?,"Kindly refer to the court records, as they will explicitly detail the orders and directions given by the court in the case of Novartis Pharmaceuticals Australia Pty Ltd v Bayer Australia Limited (No 2) [2013] FCA 1201.",Research the case of Novartis Pharmaceuticals Australia Pty Ltd v Bayer Australia Limited (No 2) [2013] FCA 1201 to determine the court's orders and directions.,Mood Rule
